<COMPONENT>
	<HEADER PLATEFORM="ALL" SERIAL="" VERSION="2.1" STATUS="ALPHA"
		COMPATIBILITY="WIN32" AUTHOR="Talend" RELEASE_DATE="20070703A"
		STARTABLE="false" EXTENSION="org.talend.designer.xmlmap"
		SCHEMA_AUTO_PROPAGATE="false" DATA_AUTO_PROPAGATE="false"
		HAS_CONDITIONAL_OUTPUTS="true" LOG4J_ENABLED="true"
		PARTITIONING="NONE">
		<SIGNATURE></SIGNATURE>
	</HEADER>

	<FAMILIES>
		<FAMILY>XML</FAMILY>
		<FAMILY>Processing</FAMILY>
	</FAMILIES>
	<DOCUMENTATION>
		<URL />
	</DOCUMENTATION>
	<CONNECTORS>
		<CONNECTOR BUILTIN="true" CTYPE="FLOW" MIN_INPUT="1"
			MIN_OUTPUT="1" />
		<CONNECTOR CTYPE="LOOKUP" COMPONENT="tAdvancedXMLMapHash" />
		<CONNECTOR CTYPE="ITERATE" MAX_OUTPUT="0" MAX_INPUT="0" />
		<CONNECTOR CTYPE="SUBJOB_OK" MAX_INPUT="0" />
		<CONNECTOR CTYPE="SUBJOB_ERROR" MAX_INPUT="0" />
		<CONNECTOR CTYPE="COMPONENT_OK" MAX_OUTPUT="0" />
		<CONNECTOR CTYPE="COMPONENT_ERROR" MAX_OUTPUT="0" />
		<CONNECTOR CTYPE="RUN_IF" MAX_OUTPUT="0" />
	</CONNECTORS>
	<PARAMETERS>
		<PARAMETER NAME="MAP" FIELD="EXTERNAL" NUM_ROW="1">
			<DEFAULT />
		</PARAMETER>

		<PARAMETER NAME="DIE_ON_ERROR" FIELD="CHECK" NUM_ROW="46"
			SHOW="false">
			<DEFAULT>true</DEFAULT>
		</PARAMETER>
		<!-- <PARAMETER NAME="LINK_STYLE" FIELD="CLOSED_LIST" NUM_ROW="1" > <ITEMS
			DEFAULT=""> <ITEM NAME="AUTO" VALUE="AUTO" /> <ITEM NAME="BEZIER_CURVE" VALUE="BEZIER_CURVE"
			/> <ITEM NAME="LINE" VALUE="LINE" /> </ITEMS> </PARAMETER> <PARAMETER NAME="TEMPORARY_DATA_DIRECTORY"
			FIELD="DIRECTORY" NUM_ROW="2" GROUP="STORE_ON_DISK" > <DEFAULT>"__COMP_DEFAULT_FILE_DIR__/temp"</DEFAULT>
			</PARAMETER> <PARAMETER NAME="PREVIEW" FIELD="IMAGE" SHOW="true" NUM_ROW="4">
			<DEFAULT/> </PARAMETER> <PARAMETER NAME="DIE_ON_ERROR" FIELD="CHECK" NUM_ROW="100"
			SHOW="false" > <DEFAULT>true</DEFAULT> </PARAMETER> -->
		<!-- <PARAMETER NAME="MEMORY_HEAP_MAX_SIZE" FIELD="TEXT" REQUIRED="false"
			NUM_ROW="3" > <DEFAULT>1000</DEFAULT> </PARAMETER> -->

		<!-- <PARAMETER NAME="MAPPER_MODEL_DATA" FIELD="TEXT" SHOW="false"> <DEFAULT/>
			</PARAMETER> -->
	</PARAMETERS>

	<ADVANCED_PARAMETERS>
		<!-- <PARAMETER NAME="ROWS_BUFFER_SIZE" FIELD="TEXT" REQUIRED="true" NUM_ROW="1"
			SHOW="true" GROUP="STORE_ON_DISK" > <DEFAULT>2000000</DEFAULT> </PARAMETER> -->
			
		<PARAMETER NAME="KEEP_ORDER_FOR_DOCUMENT" FIELD="CHECK" NUM_ROW="1">
			<DEFAULT>false</DEFAULT>
		</PARAMETER>
	</ADVANCED_PARAMETERS>

	<CODEGENERATION>

		<TEMPLATES INPUT="tXMLMapMod_OUT" OUTPUT="tXMLMapMod_IN">

			<TEMPLATE NAME="tXMLMapMod_OUT" COMPONENT="tXMLMapModOut">
				<LINK_TO NAME="tXMLMapMod_IN" CTYPE="ROWS_END" />
			</TEMPLATE>

			<TEMPLATE NAME="tXMLMapMod_IN" COMPONENT="tXMLMapModIn" />
			
			<TEMPLATE_PARAM SOURCE="self.KEEP_ORDER_FOR_DOCUMENT" TARGET="tXMLMapMod_OUT.KEEP_ORDER_FOR_DOCUMENT" />
		</TEMPLATES>

		<IMPORTS>
			<IMPORT NAME="Java_DOM4J1.6" MODULE="dom4j-1.6.1.jar" MVN="mvn:org.talend.libraries/dom4j-1.6.1/6.0.0"  UrlPath="platform:/plugin/org.talend.libraries.dom4j-jaxen/lib/dom4j-1.6.1.jar"
				BundleID="org.apache.servicemix.bundles.dom4j"
				REQUIRED="true" />
			<IMPORT NAME="Java_JAXEN1.1" MODULE="jaxen-1.1.1.jar" MVN="mvn:org.talend.libraries/jaxen-1.1.1/6.0.0"  UrlPath="platform:/plugin/org.talend.libraries.dom4j-jaxen/lib/jaxen-1.1.1.jar"
				BundleID="org.apache.servicemix.bundles.jaxen"
				REQUIRED="true" />
		</IMPORTS>
	</CODEGENERATION>
	<RETURNS />

</COMPONENT>
